Name,Tons,BV,PV,Role,Intro
Baboon (Howler)  ,20,645,20,Missile Boat,2871
Baboon (Howler) 4,20,506,17,Scout,2877
Baboon (Howler) 5,20,"1,363",29,Striker,3053
Cossack C-SK1,20,465,17,Striker,3060
Dasher (Fire Moth) A,20,639,20,Scout,2874
Dasher (Fire Moth) B,20,"1,064",24,Striker,2874
Dasher (Fire Moth) C,20,741,19,Missile Boat,2874
Dasher (Fire Moth) D,20,"2,307",30,Striker,2874
Dasher (Fire Moth) E,20,822,18,Scout,3059
Dasher (Fire Moth) H,20,779,25,Striker,3060
Dasher (Fire Moth) Prime,20,"1,251",28,Striker,2874
Fireball ALM-7D,20,385,17,Scout,3053
Fireball ALM-8D,20,574,20,Scout,3054
Fireball ALM-9D,20,527,19,Scout,3054
Flea FLE-16,20,506,19,Scout,3032
Flea FLE-17,20,510,23,Striker,3049
Hornet HNT-151,20,488,14,Striker,2760
Hornet HNT-152,20,475,17,Striker,2997
Hornet HNT-161,20,511,14,Striker,3052
Hornet HNT-171,20,535,15,Striker,3051
Kabuto KBO-7A,20,524,21,Striker,3059
Locust LCT-1E,20,553,19,Scout,2811
Locust LCT-1L,20,474,19,Scout,3030
Locust LCT-1M,20,424,21,Missile Boat,2571
Locust LCT-1Vb,20,642,23,Striker,2610
Locust LCT-3D,20,436,16,Missile Boat,3049
Locust LCT-3M,20,522,20,Scout,3050
Locust LCT-3S,20,483,20,Striker,3049
Locust LCT-3V,20,490,19,Scout,3004
Mercury MCY-97,20,466,24,Scout,3049
Mercury MCY-98,20,553,19,Scout,2810
Mercury MCY-99,20,586,22,Scout,2742
Piranha  ,20,998,25,Striker,3051
Snow Fox  ,20,807,27,Striker,3015
Snow Fox 2,20,604,23,Missile Boat,3015
Stinger C,20,592,18,Scout,2832
Stinger C 2,20,754,18,Scout,2838
Stinger STG-3G,20,497,14,Scout,2581
Stinger STG-3Gb,20,674,22,Striker,2720
Stinger STG-5M,20,432,15,Scout,3050
Thorn THE-N1,20,656,14,Sniper,3051
Thorn THE-Nb,20,740,23,Striker,2743
Thorn THE-S,20,510,18,Striker,3035
Thorn THE-T,20,500,17,Striker,3038
Wasp WSP-1D,20,403,15,Scout,2823
Wasp WSP-1K,20,376,14,Scout,2818
Wasp WSP-1L,20,335,14,Scout,2799
Wasp WSP-1S,20,423,15,Scout,3049
Wasp WSP-1W,20,373,12,Scout,3009
Wasp WSP-3M,20,394,12,Scout,3051
Wasp WSP-3W,20,342,10,Scout,3050
Commando COM-1B,25,616,17,Striker,3015
Commando COM-1C,25,458,14,Striker,3020
Commando COM-3A,25,540,17,Striker,3025
Commando COM-5S,25,557,17,Striker,3050
Commando COM-7A,25,625,20,Striker,3056
Commando COM-7J,25,599,18,Striker,3056
Commando COM-7W,25,608,17,Striker,3056
Commando COM-7X,25,623,21,Striker,3018
Commando COM-7Y,25,684,24,Striker,3022
"Commando COM-7Y2 ""Blazing Inferno""",25,728,21,Striker,3025
Commando COM-7Z,25,661,20,Striker,3051
Commando COM-7Z2,25,543,20,Scout,3051
Commando IIC  ,25,978,25,Striker,2856
Dart DRT-3S,25,436,15,Scout,3051
Dart DRT-4S,25,656,23,Scout,3053
Dart DRT-6S,25,641,22,Scout,3053
Duan Gung D9-G9,25,737,24,Missile Boat,3058
Eagle EGL-1M,25,757,22,Brawler,3058
Eagle EGL-2M,25,800,21,Brawler,3058
Fire Falcon A,25,822,27,Striker,3052
Fire Falcon B,25,"1,570",28,Sniper,3052
Fire Falcon C,25,"1,004",34,Striker,3052
Fire Falcon D,25,826,27,Striker,3052
Fire Falcon E,25,"1,094",27,Striker,3061
Fire Falcon Prime,25,"1,451",40,Striker,3052
Icestorm  ,25,728,20,Scout,2830
Jackrabbit JKR-8T,25,414,14,Sniper,2765
"Jackrabbit JKR-9R ""Joker""",25,614,20,Striker,2768
Koshi (Mist Lynx) A,25,608,18,Scout,2926
Koshi (Mist Lynx) B,25,"1,209",35,Striker,2926
Koshi (Mist Lynx) C,25,"1,320",29,Striker,2926
Koshi (Mist Lynx) D,25,842,25,Striker,2926
Koshi (Mist Lynx) E,25,997,32,Striker,3059
Koshi (Mist Lynx) H,25,982,32,Striker,3059
Koshi (Mist Lynx) P,25,"1,064",23,Scout,3061
Koshi (Mist Lynx) Prime,25,871,27,Scout,2926
Koto KT-P2,25,631,21,Scout,3052
Locust IIC  ,25,"1,100",42,Striker,2832
Locust IIC 2,25,937,32,Striker,2837
Locust IIC 3,25,980,28,Striker,2853
Locust IIC 5,25,878,27,Striker,3060
Mongoose C,25,"1,386",34,Scout,2833
Mongoose C 2,25,"1,620",36,Scout,2860
Mongoose MON-66,25,758,30,Scout,2660
Mongoose MON-66b,25,934,30,Striker,2740
Mongoose MON-67,25,741,27,Striker,2830
Mongoose MON-68,25,676,21,Scout,3039
Mongoose MON-69,25,737,27,Striker,2819
Mongoose MON-70,25,750,27,Striker,2819
Nexus NXS1-A,25,643,22,Striker,3054
Raptor RTX1-O,25,721,24,Missile Boat,3052
Raptor RTX1-OA,25,783,22,Striker,3052
Raptor RTX1-OB,25,613,26,Striker,3052
Raptor RTX1-OC,25,870,28,Striker,3052
Raptor RTX1-OD,25,490,28,Striker,3052
Raptor RTX1-OE,25,597,22,Striker,3058
Raptor RTX1-OF,25,"1,029",27,Striker,3060
Sling SL-1G,25,578,19,Missile Boat,2766
Sling SL-1H,25,731,26,Striker,2766
Tarantula ZPH-1,25,666,22,Scout,3054
Tarantula ZPH-2A,25,744,22,Scout,3060
Arctic Fox AF1,30,983,25,Striker,3059
Arctic Fox AF1A,30,858,24,Striker,3059
Arctic Fox AF1B,30,735,20,Striker,3059
Arctic Fox AF1C,30,948,20,Striker,3059
Arctic Fox AF1D,30,744,21,Missile Boat,3059
Battle Hawk BH-K305,30,771,24,Striker,3053
Copperhead CPR-HD-002,30,763,24,Striker,3054
Devil  ,30,"1,691",33,Sniper,2911
Drift Shag  ,30,"1,512",38,Scout,2827
Falcon FLC-4N,30,610,19,Scout,2582
Falcon FLC-4Nb,30,947,22,Striker,2776
Falcon FLC-4Nb (Saho),30,774,22,Striker,2801
Falcon FLC-4Nb-PP,30,881,23,Striker,2792
Falcon FLC-4Nb-PP2,30,947,23,Striker,2795
Falcon FLC-4P,30,649,20,Scout,3050
Firefly C,30,"1,290",33,Striker,2839
Firefly FFL-3A,30,797,24,Striker,2679
Firefly FFL-3PP,30,888,27,Striker,2801
Firefly FFL-3PP2,30,873,23,Striker,2801
Firefly FFL-3PP3,30,808,21,Striker,2801
Firefly FFL-3SLE,30,876,25,Striker,2790
Firefly FFL-4A,30,831,22,Striker,2801
Firefly FFL-4B,30,870,23,Striker,3047
Firefly FFL-4C,30,806,25,Striker,3048
Flashfire FLS-P2,30,718,22,Striker,3054
Flashfire FLS-P4,30,712,22,Striker,3055
"Hammer HMR-3C ""Claw-Hammer""",30,976,30,Striker,3056
Hammer HMR-3M,30,787,26,Striker,3053
"Hammer HMR-3P ""Pein-Hammer""",30,827,26,Brawler,3060
"Hammer HMR-3S ""Slammer""",30,638,22,Striker,3054
Hankyu (Arctic Cheetah) A,30,"1,117",32,Striker,3037
Hankyu (Arctic Cheetah) B,30,"1,076",28,Striker,3037
Hankyu (Arctic Cheetah) C,30,"1,840",37,Striker,3037
Hankyu (Arctic Cheetah) D,30,"1,080",30,Missile Boat,3037
Hankyu (Arctic Cheetah) Prime,30,"1,334",36,Striker,3037
Hellion A,30,"1,543",39,Missile Boat,3059
Hellion B,30,"1,569",38,Striker,3059
Hellion C,30,"2,095",43,Striker,3061
Hellion Prime,30,"1,873",43,Striker,3059
Hermes HER-1A,30,601,21,Scout,2856
Hermes HER-1B,30,687,25,Striker,2856
Hermes HER-1S,30,716,25,Scout,2632
Hermes HER-1Sb,30,"1,112",37,Striker,2740
Hermes HER-3S,30,649,22,Scout,3047
Hermes HER-3S1,30,726,21,Scout,3049
Hermes HER-3S2,30,600,22,Scout,3049
Hermes HER-4K,30,"1,470",36,Striker,3058
Hermes HER-4M,30,"1,362",36,Striker,3060
Hermes HER-4S,30,"1,012",31,Striker,3057
Hitman HM-1,30,925,32,Striker,3055
Hitman HM-2,30,861,33,Striker,3056
Hussar HSR-200-D,30,636,18,Scout,2620
Hussar HSR-200-Db,30,934,26,Scout,2735
Hussar HSR-300-D,30,543,17,Scout,3035
Hussar HSR-350-D,30,731,22,Striker,3038
Hussar HSR-400-D,30,611,18,Scout,3052
Hussar HSR-500-D,30,977,24,Scout,3060
Jackal JA-KL-1532,30,918,23,Striker,3052
Javelin JVN-10A,30,653,17,Striker,2752
"Javelin JVN-10F ""Fire Javelin""",30,835,22,Striker,2819
Javelin JVN-10N,30,594,19,Striker,2751
Javelin JVN-10P,30,590,19,Striker,3049
"Javelin JVN-11A ""Fire Javelin""",30,"1,073",30,Striker,3053
Javelin JVN-11B,30,678,26,Striker,3054
Mandrill  ,30,"1,209",25,Missile Boat,2829
Mantis MTS-S,30,"1,128",36,Striker,3061
Mantis SA-MN,30,704,25,Scout,3052
Pack Hunter  ,30,"1,369",27,Striker,3059
Scarabus SCB-9A,30,846,27,Scout,3053
Scarabus SCB-9T,30,949,28,Scout,3054
Spider SDR-5D,30,524,21,Scout,2853
Spider SDR-5K,30,503,21,Scout,2850
Spider SDR-5V,30,622,21,Scout,2650
Spider SDR-7M,30,621,26,Striker,3051
Spider SDR-8M,30,621,26,Striker,3060
Spider SDR-C,30,616,28,Striker,3054
SuburbanMech UM-R100,30,915,20,Sniper,3045
SuburbanMech UM-R90,30,773,19,Ambusher,3018
Uller (Kit Fox) A,30,"1,310",26,Sniper,2890
Uller (Kit Fox) B,30,"1,087",30,Striker,2890
Uller (Kit Fox) C,30,"1,147",27,Striker,3050
Uller (Kit Fox) D,30,"1,142",30,Missile Boat,2890
Uller (Kit Fox) E,30,"1,415",26,Striker,3059
Uller (Kit Fox) G,30,"1,368",30,Sniper,3054
Uller (Kit Fox) H,30,"1,214",30,Striker,3059
Uller (Kit Fox) J,30,"1,178",25,Striker,3060
Uller (Kit Fox) Prime,30,"1,085",26,Sniper,2890
Uller (Kit Fox) S,30,"1,342",27,Striker,3050
Uller (Kit Fox) V,30,974,28,Missile Boat,2921
Uller (Kit Fox) W,30,"1,431",28,Sniper,3051
UrbanMech IIC  ,30,798,20,Sniper,2849
UrbanMech UM-R60,30,504,11,Ambusher,2675
UrbanMech UM-R60L,30,470,11,Ambusher,2925
UrbanMech UM-R63,30,540,16,Sniper,3050
Valkyrie VLK-QA,30,723,22,Missile Boat,2787
Valkyrie VLK-QD,30,807,25,Missile Boat,3049
Valkyrie VLK-QF,30,653,19,Missile Boat,2967
Vixen (Incubus)  ,30,"1,596",38,Striker,2954
Vixen (Incubus) 2,30,"1,913",38,Striker,2960
Vixen (Incubus) 3,30,"1,324",36,Striker,3025
Vixen (Incubus) 7,30,"1,175",32,Striker,2961
Vixen (Incubus) 8,30,"1,557",38,Striker,2962
Cougar A,35,"1,697",40,Missile Boat,3058
Cougar B,35,"1,774",33,Sniper,3058
Cougar C,35,"1,785",35,Brawler,3058
Cougar D,35,"1,309",33,Sniper,3058
Cougar H,35,"1,323",33,Brawler,3061
Cougar Prime,35,"1,485",31,Sniper,3058
Falcon Hawk FNHK-9K,35,"1,030",27,Brawler,3057
Falcon Hawk FNHK-9K1A,35,"1,040",27,Brawler,3057
Firestarter FS9-H,35,694,20,Scout,2703
"Firestarter FS9-M ""Mirage""",35,798,21,Scout,2893
Firestarter FS9-S,35,754,23,Scout,3049
Firestarter FS9-S1,35,820,22,Scout,3049
Garm GRM-01A,35,701,17,Missile Boat,3058
Garm GRM-01B,35,934,23,Missile Boat,3059
Hollander BZK-F3,35,953,20,Sniper,3054
Hollander BZK-G1,35,873,24,Striker,3056
Jenner IIC  ,35,"1,047",29,Striker,3042
Jenner IIC 2,35,"1,406",26,Striker,3044
Jenner IIC 3,35,788,25,Striker,3048
Jenner IIC 4,35,"1,052",24,Striker,3061
Jenner JR7-A,35,712,20,Scout,2779
Jenner JR7-C,35,832,28,Striker,3050
Jenner JR7-D,35,875,26,Striker,2785
Jenner JR7-F,35,"1,011",32,Striker,2784
Jenner JR7-F (Smith),35,"1,070",33,Striker,3030
Jenner JR7-K,35,889,26,Striker,3047
Jenner JR7-K (Samuli),35,"1,001",26,Missile Boat,3060
Longshot LNG-1B,35,899,33,Striker,3054
Night Hawk NTK-2Q,35,997,27,Striker,2656
Night Hawk NTK-2S,35,"1,017",28,Striker,3059
Ostscout OTT-7J,35,596,21,Scout,2600
Ostscout OTT-7Jb,35,610,24,Scout,2600
Ostscout OTT-7K,35,484,18,Scout,3049
Owens OW-1,35,839,38,Missile Boat,3056
Owens OW-1A,35,680,32,Scout,3056
Owens OW-1B,35,752,33,Scout,3056
Owens OW-1C,35,964,36,Striker,3056
Owens OW-1D,35,655,32,Scout,3056
Owens OW-1E,35,833,36,Striker,3060
Panther PNT-10K,35,838,19,Brawler,3051
Panther PNT-10KA,35,797,19,Brawler,3055
Panther PNT-8Z,35,741,20,Brawler,2739
Panther PNT-9ALAG,35,804,22,Striker,2950
Panther PNT-9R,35,769,19,Brawler,2759
Panther PNT-9R (Tanaka),35,759,18,Brawler,3022
Panther PNT-C,35,833,21,Brawler,3051
Panther PNT-CA,35,787,21,Brawler,3055
Panther PNT-CM,35,726,23,Sniper,3051
Peregrine (Horned Owl)  ,35,"1,434",28,Striker,2835
Peregrine (Horned Owl) 2,35,"1,191",26,Missile Boat,2856
Peregrine (Horned Owl) 3,35,"1,545",28,Sniper,3061
Puma (Adder) A,35,"1,437",35,Missile Boat,3012
Puma (Adder) B,35,"1,422",28,Sniper,3010
Puma (Adder) C,35,"1,372",31,Missile Boat,3012
Puma (Adder) D,35,"1,255",28,Sniper,3010
Puma (Adder) E,35,"1,272",31,Sniper,3060
Puma (Adder) H,35,"1,453",28,Brawler,3059
Puma (Adder) Prime,35,"2,083",30,Sniper,3010
Puma (Adder) S,35,"1,427",38,Scout,3050
Puma (Adder) TC,35,"1,247",30,Striker,3052
Rattlesnake JR7-31,35,"1,398",42,Striker,3042
Rattlesnake JR7-31P,35,"1,323",43,Striker,3043
Raven RVN-2X,35,887,22,Striker,3030
Raven RVN-3L,35,708,26,Scout,3048
Raven RVN-3M,35,659,20,Missile Boat,3053
Raven RVN-4X,35,820,24,Striker,3031
Spector SPR-5F,35,"1,183",33,Striker,3053
Stiletto STO-4A,35,859,32,Striker,3059
Talon TLN-5V,35,"1,075",31,Striker,2670
Talon TLN-5W,35,"1,175",31,Striker,2760
Venom SDR-9K,35,798,25,Striker,3050
Venom SDR-9KA,35,865,27,Striker,3056
Venom SDR-9KB,35,769,28,Striker,3057
"Wolfhound IIC ""Grinner""",35,"1,579",33,Striker,3051
Wolfhound WLF-1,35,949,24,Striker,3028
Wolfhound WLF-1A,35,967,24,Striker,3028
Wolfhound WLF-1B,35,967,24,Striker,3028
Wolfhound WLF-2,35,"1,061",28,Striker,3052
Arctic Wolf  ,40,"1,330",39,Striker,3059
Arctic Wolf 2,40,"1,511",41,Striker,3060
Assassin ASN-101,40,757,23,Scout,3024
Assassin ASN-21,40,749,22,Scout,2676
Assassin ASN-23,40,740,26,Striker,3050
Battle Cobra A,40,"1,466",33,Striker,2873
Battle Cobra B,40,"1,892",32,Sniper,2873
Battle Cobra F,40,"1,507",29,Striker,3057
Battle Cobra H,40,"1,592",34,Striker,3061
Battle Cobra Prime,40,"1,487",31,Sniper,2873
Cicada CDA-2A,40,659,22,Scout,2740
Cicada CDA-2B,40,626,22,Scout,2840
Cicada CDA-3C,40,771,22,Scout,2840
Cicada CDA-3F,40,"1,329",32,Striker,3052
Cicada CDA-3G,40,"1,270",35,Striker,3056
Cicada CDA-3M,40,812,25,Striker,3049
Clint CLNT-1-2R,40,707,19,Striker,2607
Clint CLNT-2-3T,40,770,21,Striker,2608
Clint CLNT-2-3T (Denton),40,873,20,Striker,3033
Clint CLNT-2-3U,40,"1,081",22,Striker,3050
Clint CLNT-2-4T,40,619,16,Sniper,Unknown
Clint IIC  ,40,"1,395",25,Striker,2842
Corvis  ,40,"1,336",29,Brawler,2845
Coyotl A,40,"1,753",42,Striker,2854
Coyotl B,40,"1,447",41,Striker,2854
Coyotl Prime,40,"1,974",48,Striker,2854
Daimyo DMO-1K,40,"1,148",28,Brawler,3053
Daimyo DMO-2K,40,"1,057",28,Brawler,3056
Daimyo DMO-4K,40,"1,150",28,Brawler,3058
Dragonfly (Viper) A,40,"1,989",38,Striker,2940
Dragonfly (Viper) B,40,"1,830",34,Striker,2940
Dragonfly (Viper) C,40,"1,344",36,Striker,2940
Dragonfly (Viper) D,40,"1,779",42,Striker,2940
Dragonfly (Viper) E,40,"1,561",38,Striker,3060
Dragonfly (Viper) Prime,40,"1,450",37,Scout,2940
Griffin IIC  ,40,"1,608",31,Missile Boat,2852
Griffin IIC 2,40,"1,516",30,Striker,2973
Griffin IIC 3,40,"1,532",30,Striker,3060
Griffin IIC 4,40,"1,475",30,Striker,3060
"Hermes II HER-2M ""Mercury""",40,910,33,Striker,2802
Hermes II HER-2S,40,784,22,Scout,2798
"Hermes II HER-4K ""Hermes III""",40,976,24,Scout,3025
"Hermes II HER-5ME ""Mercury Elite""",40,847,19,Sniper,3056
Hermes II HER-5S,40,857,25,Striker,3050
Initiate INI-02,40,"1,036",32,Brawler,3058
Lobo  ,40,"1,715",32,Striker,3060
Mercury II MCY-100,40,"1,376",38,Striker,2823
Phantom A,40,"1,410",43,Striker,3052
Phantom B,40,"1,096",34,Scout,3052
Phantom C,40,"1,590",51,Striker,3052
Phantom D,40,"1,581",41,Striker,3052
Phantom E,40,975,27,Striker,3061
Phantom Prime,40,"1,159",37,Scout,3052
Pouncer A,40,"2,081",36,Missile Boat,3050
Pouncer B,40,"1,836",32,Sniper,3050
Pouncer C,40,"1,653",37,Striker,3050
Pouncer D,40,"2,246",33,Striker,3050
Pouncer E,40,"1,632",35,Striker,3061
Pouncer Prime,40,"2,557",31,Sniper,3050
Sentinel STN-1S,40,632,19,Scout,2651
Sentinel STN-3K,40,652,19,Scout,2830
Sentinel STN-3KA,40,847,21,Scout,2830
Sentinel STN-3KB,40,823,23,Striker,2830
Sentinel STN-3L,40,717,23,Striker,2652
Sentinel STN-3Lb,40,"1,260",26,Sniper,2715
Sentinel STN-3M,40,758,23,Striker,3035
Sentry SNT-04,40,"1,069",25,Sniper,3056
Strider SR1-O,40,867,28,Striker,3057
Strider SR1-OA,40,723,23,Scout,3057
Strider SR1-OB,40,910,26,Missile Boat,3057
Strider SR1-OC,40,944,28,Striker,3057
Strider SR1-OD,40,873,31,Striker,3057
Strider SR1-OE,40,976,28,Striker,3058
Strider SR1-OF,40,"1,032",25,Striker,3060
Tsunami TS-P1,40,933,27,Scout,3052
Vulcan VL-2T,40,642,20,Scout,2777
Vulcan VL-2T (Timms),40,603,18,Scout,3034
Vulcan VL-5T,40,942,24,Striker,2778
Vulcan VT-5M,40,811,23,Striker,3050
Vulcan VT-5S,40,883,29,Striker,3050
Watchman WTC-4M,40,"1,067",26,Skirmisher,3055
Werewolf WER-LF-004,40,802,26,Striker,3056
Whitworth WTH-0,40,863,24,Skirmisher,2754
Whitworth WTH-1,40,982,25,Missile Boat,2689
Whitworth WTH-1S,40,917,25,Skirmisher,2610
Whitworth WTH-2,40,936,25,Missile Boat,3050
Beowulf BEO-12,45,"1,319",38,Skirmisher,3059
Bishamon BSN-3K,45,"1,374",47,Striker,3060
Bishamon BSN-4K,45,"1,105",50,Striker,3060
Blackjack BJ-1,45,949,26,Sniper,2757
Blackjack BJ-1DB,45,"1,015",25,Brawler,3023
Blackjack BJ-1DC,45,917,27,Brawler,3024
Blackjack BJ-1X,45,964,29,Skirmisher,2756
Blackjack BJ-2,45,"1,148",30,Sniper,3052
Blackjack BJ-3,45,"1,271",30,Brawler,3042
Cobra CBR-02,45,"1,128",32,Missile Boat,3060
Daedalus DAD-3C,45,"1,070",28,Striker,3053
Fenris (Ice Ferret) A,45,"1,323",36,Striker,2948
Fenris (Ice Ferret) B,45,"1,461",40,Striker,2948
Fenris (Ice Ferret) C,45,"1,211",37,Missile Boat,2948
Fenris (Ice Ferret) D,45,"1,653",45,Striker,2948
Fenris (Ice Ferret) E,45,"1,483",41,Striker,3059
Fenris (Ice Ferret) H,45,"1,619",45,Striker,3061
Fenris (Ice Ferret) Prime,45,"1,678",44,Striker,2948
Firestarter FS9-O,45,"1,144",30,Striker,3057
Firestarter FS9-OA,45,976,24,Striker,3057
Firestarter FS9-OB,45,"1,070",33,Striker,3057
Firestarter FS9-OC,45,"1,006",31,Missile Boat,3057
Firestarter FS9-OD,45,"1,322",33,Sniper,3057
Firestarter FS9-OE,45,998,27,Striker,3058
Firestarter FS9-OF,45,"1,446",29,Sniper,3060
Great Wyrm  ,45,"1,331",36,Brawler,2844
Grendel (Mongrel) A,45,"2,031",48,Missile Boat,3053
Grendel (Mongrel) B,45,"1,903",45,Striker,3053
Grendel (Mongrel) C,45,"1,465",36,Striker,3053
Grendel (Mongrel) D,45,"2,212",43,Striker,3053
Grendel (Mongrel) E,45,"1,806",46,Striker,3061
Grendel (Mongrel) Prime,45,"2,290",46,Striker,3052
Hatchetman HCT-3F,45,854,20,Brawler,3023
Hatchetman HCT-5S,45,"1,039",24,Brawler,3049
Hatchetman HCT-5S (Austin),45,"1,174",26,Brawler,3059
Hollander II BZK-F5,45,"1,214",31,Sniper,3058
Hollander II BZK-F7,45,"1,192",23,Sniper,3061
Komodo KIM-2,45,"1,533",38,Striker,3053
Komodo KIM-2A,45,"1,415",35,Striker,3053
Kyudo KY2-D-02,45,"1,286",34,Missile Boat,2625
Night Chanter A,45,"1,604",36,Sniper,2865
Night Chanter Prime,45,"1,645",38,Skirmisher,2865
Phoenix Hawk C,45,"1,396",31,Striker,2831
"Phoenix Hawk PXH-1b ""Special""",45,"1,512",28,Skirmisher,2760
Phoenix Hawk PXH-1bC,45,"1,174",27,Skirmisher,3052
"Phoenix Hawk PXH-1c ""Special""",45,"1,443",31,Striker,2765
Phoenix Hawk PXH-1D,45,"1,083",26,Skirmisher,2586
Phoenix Hawk PXH-1K,45,"1,073",29,Skirmisher,2603
Phoenix Hawk PXH-2,45,"1,145",30,Striker,2599
Phoenix Hawk PXH-2K,45,"1,271",34,Striker,3050
Phoenix Hawk PXH-3D,45,"1,315",30,Striker,3048
Phoenix Hawk PXH-3K,45,"1,359",32,Striker,3050
Phoenix Hawk PXH-3M,45,"1,307",27,Striker,3045
Phoenix Hawk PXH-3M (Masters),45,"1,154",30,Striker,3051
Phoenix Hawk PXH-3S,45,"1,237",37,Striker,3042
Shadow Cat A,45,"2,220",42,Sniper,3003
Shadow Cat B,45,"2,420",51,Missile Boat,3003
Shadow Cat C,45,"2,199",45,Striker,3061
Shadow Cat M,45,"2,438",40,Striker,3054
Shadow Cat Prime,45,"2,156",41,Striker,3003
Shadow Cat TC,45,"1,378",35,Scout,3050
Shadow Hawk IIC  ,45,"1,732",37,Striker,2831
Shadow Hawk IIC 2,45,"1,763",35,Striker,2835
Shadow Hawk IIC 3,45,"1,471",33,Striker,3060
Shadow Hawk IIC 4,45,"1,698",37,Striker,3060
Snake SNK-1V,45,980,24,Striker,3053
Snake SNK-1V (Alexi),45,"1,316",31,Sniper,3057
Stag ST-14G,45,"1,351",43,Striker,2823
Stealth STH-1D,45,"1,231",43,Striker,3054
Stealth STH-2D,45,"1,508",43,Striker,3061
"Vindicator VND-1AA ""Avenging Angel""",45,966,23,Skirmisher,2863
Vindicator VND-1R,45,"1,024",27,Brawler,2826
Vindicator VND-1R (Vong),45,"1,024",27,Brawler,3020
Vindicator VND-1SIC,45,"1,020",26,Brawler,3031
Vindicator VND-1X,45,"1,008",27,Brawler,2826
Vindicator VND-3L,45,"1,105",27,Brawler,3051
Vindicator VND-5L,45,"1,484",29,Skirmisher,3060
Wolf Trap (Tora) WFT-1,45,"1,070",29,Striker,3051
Wolf Trap (Tora) WFT-1 (Daitama),45,"1,290",38,Sniper,3060
Wolf Trap (Tora) WFT-C,45,"1,001",28,Striker,3060
Wyvern IIC  ,45,"1,624",34,Skirmisher,2843
Wyvern WVE-5N,45,"1,089",27,Brawler,2660
Wyvern WVE-5Nb,45,"1,006",25,Missile Boat,2660
Wyvern WVE-6N,45,"1,005",27,Skirmisher,2821
Wyvern WVE-9N,45,"1,067",28,Brawler,3052
Black Hawk (Nova) A,50,"2,422",35,Sniper,2870
Black Hawk (Nova) B,50,"1,543",32,Sniper,2870
Black Hawk (Nova) C,50,"1,515",31,Sniper,2870
Black Hawk (Nova) D,50,"1,450",29,Missile Boat,2870
Black Hawk (Nova) E,50,"2,078",40,Skirmisher,3054
Black Hawk (Nova) H,50,"1,832",45,Skirmisher,3059
Black Hawk (Nova) Prime,50,"2,663",41,Skirmisher,2870
Black Hawk (Nova) S,50,"2,056",43,Skirmisher,3050
Blackjack BJ2-O,50,"1,201",31,Brawler,3057
Blackjack BJ2-OA,50,"1,318",32,Missile Boat,3057
Blackjack BJ2-OB,50,"1,323",30,Sniper,3057
Blackjack BJ2-OC,50,"1,189",27,Brawler,3057
Blackjack BJ2-OD,50,"1,375",30,Brawler,3057
Blackjack BJ2-OE,50,"1,260",28,Sniper,3059
Blackjack BJ2-OF,50,"1,405",29,Sniper,3061
Blitzkrieg BTZ-3F,50,"1,273",35,Striker,3061
Bombard BMB-010,50,850,19,Juggernaut,3054
Centurion CN9-A,50,945,28,Brawler,2801
Centurion CN9-AH,50,945,29,Juggernaut,2874
Centurion CN9-AL,50,"1,057",28,Brawler,2915
Centurion CN9-D,50,"1,130",28,Skirmisher,3049
Centurion CN9-D3,50,"1,324",29,Skirmisher,3052
Centurion CN9-D3D,50,"1,373",37,Skirmisher,3060
"Centurion CN9-YLW ""Yen-lo-wang""",50,957,27,Juggernaut,3027
"Centurion CN9-YLW2 ""Yen-lo-wang""",50,"1,415",28,Brawler,3051
Chameleon CLN-7V,50,"1,042",24,Scout,3056
Chameleon CLN-7W,50,"1,243",29,Striker,3058
Chameleon CLN-7Z,50,"1,527",30,Striker,3058
Chameleon CLN-8V,50,"1,426",32,Striker,3086
Chameleon TRC-4C,50,999,21,Scout,2820
Crab CRB-20,50,"1,143",29,Skirmisher,2810
Crab CRB-27,50,"1,198",29,Skirmisher,2719
Crab CRB-27b,50,"1,308",33,Sniper,2719
Crab CRB-30,50,"1,509",36,Sniper,3061
Crab CRB-C,50,"1,135",30,Skirmisher,3056
Enfield END-6J,50,"1,417",33,Skirmisher,3060
Enfield END-6Q,50,"1,248",32,Skirmisher,3055
Enforcer ENF-4R,50,"1,032",25,Skirmisher,2777
Enforcer ENF-5D,50,"1,308",27,Skirmisher,3050
Enforcer ENF-5D (Daniel),50,"1,738",31,Skirmisher,3054
Enforcer III ENF-6M,50,"1,460",32,Sniper,3059
Fox  ,50,"2,091",43,Missile Boat,2835
Hellhound (Conjurer)  ,50,"1,813",35,Skirmisher,2829
Hellhound (Conjurer) 7,50,"1,845",36,Skirmisher,2836
Hunchback HBK-4G,50,"1,041",28,Juggernaut,2572
Hunchback HBK-4G (Hohiro),50,"1,126",34,Brawler,3056
Hunchback HBK-4H,50,"1,067",28,Juggernaut,2819
Hunchback HBK-4J,50,"1,143",31,Missile Boat,2856
Hunchback HBK-4N,50,"1,087",31,Brawler,2920
Hunchback HBK-4P,50,"1,138",31,Juggernaut,2937
Hunchback HBK-4SP,50,"1,043",30,Juggernaut,3025
Hunchback HBK-5M,50,"1,056",27,Juggernaut,3046
Hunchback HBK-5N,50,"1,041",28,Juggernaut,3057
Hunchback HBK-5S,50,"1,350",28,Juggernaut,3061
Hunchback HBK-6N,50,"1,130",28,Juggernaut,3059
Hunchback IIC  ,50,"1,679",26,Ambusher,2856
Hunchback IIC 2,50,"1,869",29,Ambusher,3061
Huron Warrior HUR-WO-R4L,50,"1,530",31,Skirmisher,3055
Huron Warrior HUR-WO-R4M,50,"1,556",33,Skirmisher,3056
Nightsky NGS-4S,50,"1,159",30,Striker,3053
Nightsky NGS-4T,50,"1,287",30,Striker,3056
Nightsky NGS-5S,50,"1,045",30,Striker,3056
Nightsky NGS-5T,50,"1,356",29,Striker,3057
Nobori-nin (Huntsman) A,50,"2,034",37,Sniper,3049
Nobori-nin (Huntsman) B,50,"2,156",38,Skirmisher,3049
Nobori-nin (Huntsman) C,50,"2,199",43,Missile Boat,3049
Nobori-nin (Huntsman) D,50,"2,007",43,Skirmisher,3061
Nobori-nin (Huntsman) Prime,50,"2,108",42,Skirmisher,3049
Omni-Corvis A,50,"1,977",41,Striker,2921
Omni-Corvis B,50,"1,640",37,Missile Boat,2921
Omni-Corvis Prime,50,"1,678",38,Brawler,2921
Phoenix PX-4R,50,996,28,Skirmisher,2581
Raijin RJN-101-A,50,"1,350",30,Striker,3053
Raijin RJN-101-B,50,"1,383",28,Scout,3058
Raijin RJN-101-X,50,"1,302",29,Striker,3052
Ronin SA-RN,50,"1,084",33,Striker,3051
Stalking Spider  ,50,"2,232",39,Skirmisher,3059
Stalking Spider 2,50,"2,056",37,Skirmisher,3060
Starslayer STY-2C,50,"1,365",30,Skirmisher,2772
Starslayer STY-3C,50,"1,508",35,Skirmisher,3056
Starslayer STY-3D,50,"1,593",35,Skirmisher,3057
Tessen TSN-1C,50,"1,162",31,Skirmisher,3061
Trebuchet TBT-3C,50,"1,342",39,Missile Boat,2780
Trebuchet TBT-5J,50,"1,191",30,Skirmisher,2850
Trebuchet TBT-5N,50,"1,191",29,Missile Boat,2799
Trebuchet TBT-5S,50,984,33,Skirmisher,2864
Trebuchet TBT-7K,50,996,27,Sniper,3025
Trebuchet TBT-7M,50,"1,348",31,Missile Boat,3048
Trebuchet TBT-9K,50,"1,329",37,Striker,3059
Ursus  ,50,"1,778",39,Brawler,3059
Alfar AL-A1,55,"1,447",37,Skirmisher,2573
Apollo APL-1M,55,"1,207",34,Missile Boat,3054
Apollo APL-1R,55,"1,148",31,Missile Boat,3056
Apollo APL-2S,55,"1,283",37,Missile Boat,3056
Apollo APL-3T,55,"1,240",36,Missile Boat,3057
Black Lanner A,55,"2,308",50,Skirmisher,3052
Black Lanner B,55,"1,961",40,Missile Boat,3052
Black Lanner C,55,"2,523",52,Skirmisher,3052
Black Lanner D,55,"1,809",51,Skirmisher,3052
Black Lanner H,55,"1,928",48,Skirmisher,3061
Black Lanner Prime,55,"2,268",47,Skirmisher,3052
Buccaneer BCN-3R,55,"1,434",36,Skirmisher,3055
Bushwacker BSW-S2,55,"1,293",33,Sniper,3056
Bushwacker BSW-X1,55,"1,223",33,Skirmisher,3053
Bushwacker BSW-X2,55,"1,193",33,Skirmisher,3054
Centurion CN10-B,55,"1,243",30,Brawler,3057
Centurion CN10-J,55,"1,257",28,Brawler,3057
Centurion CN10-W,55,"1,112",29,Sniper,3057
Cronus CNS-3M,55,"1,339",32,Skirmisher,3031
Cronus CNS-5M,55,"1,579",38,Skirmisher,3060
Dervish DV-7D,55,"1,412",36,Missile Boat,3047
Goshawk (Vapor Eagle)  ,55,"2,368",41,Skirmisher,2863
Goshawk (Vapor Eagle) 2,55,"1,989",40,Skirmisher,2912
Goshawk (Vapor Eagle) 5,55,"2,572",44,Skirmisher,2922
Goshawk (Vapor Eagle) 6,55,"1,959",35,Skirmisher,2850
Griffin GRF-1DS,55,"1,285",32,Missile Boat,3049
Griffin GRF-1DS (Almstedt),55,"1,204",29,Skirmisher,Unknown
"Griffin GRF-1E ""Sparky""",55,"1,449",34,Skirmisher,3035
Griffin GRF-1RG,55,"1,167",33,Skirmisher,2597
Griffin GRF-1S,55,"1,253",31,Skirmisher,2857
Griffin GRF-2N,55,"1,606",38,Skirmisher,2751
Griffin GRF-3M,55,"1,521",33,Sniper,3049
Griffin GRF-3RG,55,"1,213",33,Skirmisher,3048
Grim Reaper GRM-R-PR29,55,"1,469",37,Skirmisher,3052
Hoplite C,55,"1,736",40,Brawler,3052
Hoplite HOP-4B,55,"1,162",30,Sniper,2581
Hoplite HOP-4Bb,55,"1,413",36,Brawler,2795
Hoplite HOP-4C,55,986,28,Brawler,2584
Hoplite HOP-4Cb,55,"1,377",32,Brawler,2821
Hoplite HOP-4D,55,"1,022",25,Sniper,3050
Hyena HYN-KTO,55,933,27,Brawler,Unknown
Kintaro KTO-18,55,"1,187",36,Skirmisher,2792
Kintaro KTO-19,55,"1,160",36,Skirmisher,2587
Kintaro KTO-19b,55,"1,265",39,Skirmisher,2731
Kintaro KTO-20,55,"1,357",40,Skirmisher,3035
Kintaro KTO-21,55,"1,295",39,Skirmisher,3059
Kintaro KTO-C,55,"1,294",43,Skirmisher,3051
Kintaro KTO-K,55,"1,571",42,Skirmisher,3058
Lineholder KW1-LH2,55,"1,280",34,Skirmisher,3058
Lineholder KW1-LH3,55,"1,214",32,Skirmisher,3059
Lynx C,55,"2,712",42,Skirmisher,2848
Lynx LNX-8Q,55,"1,292",32,Skirmisher,2853
Lynx LNX-9C,55,"1,630",38,Skirmisher,3057
Lynx LNX-9Q,55,"1,725",38,Skirmisher,2761
Lynx LNX-9R,55,"1,755",36,Skirmisher,3056
Marshal MHL-X1,55,"1,163",31,Skirmisher,3059
Men Shen MS1-O,55,"1,550",55,Striker,3060
Men Shen MS1-OA,55,"1,529",49,Striker,3060
Men Shen MS1-OB,55,"1,484",48,Striker,3060
Men Shen MS1-OC,55,"1,435",50,Striker,3060
Men Shen MS1-OD,55,"1,581",50,Striker,3060
Osprey OSP-15,55,"1,564",35,Sniper,2738
Ryoken (Stormcrow) (Attwater),55,"1,482",32,Sniper,3050
Ryoken (Stormcrow) (Kotare),55,"2,382",46,Skirmisher,3059
Ryoken (Stormcrow) A,55,"2,319",45,Striker,2930
Ryoken (Stormcrow) B,55,"2,281",39,Striker,2930
Ryoken (Stormcrow) C,55,"1,881",39,Striker,2930
Ryoken (Stormcrow) D,55,"1,863",39,Missile Boat,2930
Ryoken (Stormcrow) E,55,"2,110",52,Striker,3054
Ryoken (Stormcrow) H,55,"2,061",42,Striker,3059
Ryoken (Stormcrow) I,55,"2,319",42,Sniper,3059
Ryoken (Stormcrow) P,55,"2,213",41,Striker,3049
Ryoken (Stormcrow) Prime,55,"2,073",43,Striker,2930
Ryoken (Stormcrow) TC,55,"2,373",43,Skirmisher,3052
Scorpion SCP-1N (Wendall),55,"1,043",29,Skirmisher,3030
Scorpion SCP-1O,55,"1,098",27,Skirmisher,3049
Shadow Hawk SHD-2D,55,899,26,Striker,2796
Shadow Hawk SHD-2D2,55,"1,049",29,Brawler,3049
Shadow Hawk SHD-2Hb,55,"1,354",34,Skirmisher,2752
Shadow Hawk SHD-2Ht,55,"1,453",37,Skirmisher,3052
Shadow Hawk SHD-2K,55,"1,147",30,Sniper,2803
Shadow Hawk SHD-3H,55,"1,043",30,Skirmisher,2752
Shadow Hawk SHD-3H2,55,"1,112",29,Brawler,2775
Shadow Hawk SHD-5M,55,"1,430",35,Missile Boat,3048
Shadow Hawk SHD-5S,55,"1,590",43,Scout,3054
Stooping Hawk A,55,"2,319",38,Sniper,2970
Stooping Hawk B,55,"2,111",46,Missile Boat,2970
Stooping Hawk C,55,"2,435",42,Sniper,2970
Stooping Hawk D,55,"1,838",48,Skirmisher,3060
Stooping Hawk E,55,"1,674",41,Skirmisher,3061
Stooping Hawk Prime,55,"2,147",42,Skirmisher,2970
Sun Bear A,55,"2,418",50,Skirmisher,2966
Sun Bear B,55,"2,144",42,Missile Boat,2966
Sun Bear Prime,55,"2,022",41,Skirmisher,2966
Wolverine II WVR-7H,55,"1,301",34,Skirmisher,2770
Wolverine WVR-6D,55,"1,115",29,Skirmisher,2612
Wolverine WVR-6K,55,"1,248",35,Skirmisher,2598
Wolverine WVR-6M,55,"1,291",32,Skirmisher,2816
Wolverine WVR-6R,55,"1,101",30,Skirmisher,2575
Wolverine WVR-7D,55,"1,314",34,Skirmisher,3050
Wolverine WVR-7K,55,"1,331",37,Skirmisher,3050
Wolverine WVR-7M,55,"1,673",34,Skirmisher,3050
Wraith TR1,55,"1,287",41,Skirmisher,3055
Wraith TR2,55,"1,485",38,Skirmisher,3057
Anvil ANV-3M,60,"1,441",35,Skirmisher,3055
Anvil ANV-5M,60,"1,687",38,Skirmisher,3057
Anvil ANV-6M,60,"1,366",36,Skirmisher,3058
Anvil ANV-8M,60,"1,690",44,Missile Boat,3060
Black Hawk-KU BHKU-O,60,"1,731",46,Skirmisher,3055
Black Hawk-KU BHKU-OA,60,"1,770",35,Sniper,3055
Black Hawk-KU BHKU-OB,60,"1,303",33,Skirmisher,3055
Black Hawk-KU BHKU-OC,60,"1,597",34,Sniper,3055
Black Hawk-KU BHKU-OD,60,"1,539",35,Missile Boat,3055
Champion C,60,"2,191",40,Skirmisher,2867
Champion CHP-1N,60,"1,233",34,Skirmisher,2602
Champion CHP-1N2,60,"1,233",35,Skirmisher,2667
Champion CHP-1Nb,60,"1,632",36,Sniper,2751
Champion CHP-2N,60,"1,116",30,Skirmisher,2810
Champion CHP-3N,60,"1,400",34,Skirmisher,3052
Champion CHP-3P,60,"1,503",40,Skirmisher,3061
Dragon DRG-1C,60,"1,215",35,Skirmisher,2752
Dragon DRG-1N,60,"1,125",32,Skirmisher,2754
Dragon DRG-2Y (Yoriyoshi),60,"1,257",35,Skirmisher,3025
Dragon DRG-5N,60,"1,223",32,Skirmisher,3047
Galahad (Glass Spider)  ,60,"1,825",36,Sniper,2834
Galahad (Glass Spider) 2,60,"2,038",45,Sniper,2952
Galahad GLH-2D,60,"1,648",35,Sniper,2594
Grand Dragon DRG-1G,60,"1,300",33,Skirmisher,3024
Grand Dragon DRG-1G (Douglas),60,"1,076",35,Skirmisher,3028
Grand Dragon DRG-5K,60,"1,358",33,Skirmisher,3050
Grand Dragon DRG-5K-DC,60,"1,322",34,Skirmisher,3050
Grand Dragon DRG-C,60,"1,322",35,Skirmisher,3050
Helios HEL-3D,60,"1,618",34,Skirmisher,3058
Helios HEL-4A,60,"1,519",35,Skirmisher,3060
Helios HEL-C,60,"1,533",35,Skirmisher,3060
Hellfire  ,60,"2,114",45,Brawler,3058
Lancelot C,60,"1,960",39,Skirmisher,2832
Lancelot C 2,60,"2,571",48,Skirmisher,2857
Lancelot LNC25-01,60,"1,422",33,Skirmisher,2581
Lancelot LNC25-01X,60,"1,659",34,Sniper,2765
Lancelot LNC25-02,60,"1,236",30,Brawler,2864
Lancelot LNC25-03,60,"1,360",36,Skirmisher,2876
Lancelot LNC25-04,60,"1,640",36,Sniper,3060
Lancelot LNC25-05,60,"1,365",32,Skirmisher,2594
Lupus A,60,"1,927",42,Brawler,2857
Lupus B,60,"1,985",44,Skirmisher,2857
Lupus Prime,60,"2,428",47,Missile Boat,2857
Matador  ,60,"2,006",39,Juggernaut,2846
Merlin MLN-1A,60,"1,217",31,Brawler,3010
Merlin MLN-1B,60,"1,228",32,Brawler,3053
Ostroc OSR-2C (Michi),60,"1,321",29,Skirmisher,3028
Ostroc OSR-2Cb,60,"1,478",36,Skirmisher,2729
Ostroc OSR-2D,60,"1,396",39,Skirmisher,3050
Ostroc OSR-2L,60,"1,233",31,Skirmisher,2884
Ostroc OSR-2M,60,"1,239",29,Skirmisher,2793
Ostroc OSR-3C,60,"1,288",30,Skirmisher,2876
Ostroc OSR-9C,60,"1,230",29,Juggernaut,2905
Ostsol OTL-4D,60,"1,277",33,Skirmisher,2694
Ostsol OTL-4D (Ragnar),60,"1,308",34,Skirmisher,3051
Ostsol OTL-4F,60,"1,264",31,Skirmisher,2871
Ostsol OTL-5M,60,"1,245",35,Skirmisher,3050
Paladin PAL-1,60,"1,361",40,Skirmisher,3053
Predator  ,60,"1,754",39,Skirmisher,3060
Quickdraw QKD-4G,60,"1,192",32,Skirmisher,2779
Quickdraw QKD-4H,60,"1,242",30,Skirmisher,2847
Quickdraw QKD-5A,60,"1,196",31,Skirmisher,3002
Quickdraw QKD-5K,60,"1,265",33,Skirmisher,3049
Quickdraw QKD-5K2,60,"1,312",33,Skirmisher,3057
Quickdraw QKD-5M,60,"1,237",31,Skirmisher,3049
Quickdraw QKD-C,60,"1,225",36,Skirmisher,3053
Rifleman RFL-3C,60,"1,066",28,Brawler,3026
Rifleman RFL-3N,60,"1,039",26,Sniper,2770
Rifleman RFL-4D,60,"1,173",27,Sniper,3021
Rifleman RFL-5CS,60,"1,303",35,Sniper,3052
Rifleman RFL-5D,60,"1,395",32,Brawler,3050
Rifleman RFL-5M,60,"1,227",31,Brawler,3049
Thresher  ,60,"2,314",42,Skirmisher,2849
Thresher 2,60,"2,337",39,Skirmisher,2858
Ti Ts'ang TSG-9H,60,"1,880",39,Skirmisher,3059
Ti Ts'ang TSG-9J,60,"1,909",39,Skirmisher,3060
Vision Quest  ,60,"2,458",43,Brawler,2832
Vision Quest 2,60,"2,556",46,Sniper,2868
Vulture (Mad Dog) A,60,"1,923",42,Skirmisher,2963
Vulture (Mad Dog) B,60,"2,284",41,Skirmisher,2963
Vulture (Mad Dog) C,60,"1,892",33,Sniper,2963
Vulture (Mad Dog) D,60,"2,447",48,Skirmisher,3059
Vulture (Mad Dog) DD,60,"1,970",41,Brawler,3050
Vulture (Mad Dog) H,60,"2,097",48,Missile Boat,3059
Vulture (Mad Dog) Prime,60,"2,351",42,Missile Boat,2963
Vulture (Mad Dog) S,60,"2,676",42,Skirmisher,3052
Yeoman YMN-6Y,60,"1,344",33,Missile Boat,3060
Arcas  ,65,"2,484",44,Skirmisher,3061
Arcas 2,65,"2,835",48,Skirmisher,3061
Axman AXM-1N,65,"1,374",33,Skirmisher,3048
Axman AXM-2N,65,"1,458",33,Skirmisher,3049
Axman AXM-3S,65,"1,649",32,Skirmisher,3060
Bombardier BMB-10D,65,"1,340",35,Missile Boat,2866
Bombardier BMB-12D,65,"1,480",39,Missile Boat,2735
"Catapult CPLT-C1 (Jenny) ""Butterbee""",65,"1,242",31,Skirmisher,3027
Catapult CPLT-C1b,65,"1,570",37,Missile Boat,2688
Catapult CPLT-C3,65,"1,368",38,Missile Boat,3049
Catapult CPLT-C4C,65,"1,449",36,Missile Boat,3055
Catapult CPLT-C5,65,"1,748",42,Missile Boat,3061
Catapult CPLT-K2,65,"1,319",32,Sniper,2603
Catapult CPLT-K2 (Kasigi),65,"1,597",33,Sniper,3050
Catapult CPLT-K2K,65,"1,716",37,Sniper,3058
Catapult CPLT-K3,65,"1,437",33,Sniper,3047
Catapult CPLT-K5,65,"1,457",40,Skirmisher,3058
Cauldron-Born (Ebon Jaguar) (Samantha),65,"2,372",43,Skirmisher,3059
Cauldron-Born (Ebon Jaguar) A,65,"2,429",41,Skirmisher,3049
Cauldron-Born (Ebon Jaguar) B,65,"2,535",47,Sniper,3049
Cauldron-Born (Ebon Jaguar) C,65,"1,831",43,Missile Boat,3049
Cauldron-Born (Ebon Jaguar) D,65,"2,228",47,Skirmisher,3059
Cauldron-Born (Ebon Jaguar) Prime,65,"1,952",41,Skirmisher,3049
Cestus CTS-6X,65,"1,424",31,Brawler,2609
Cestus CTS-6Y,65,"1,701",37,Brawler,2766
Cestus CTS-6Z,65,"1,560",36,Brawler,3058
Crossbow A,65,"1,797",45,Skirmisher,2870
Crossbow B,65,"1,687",43,Skirmisher,2870
Crossbow H,65,"1,707",41,Skirmisher,3061
Crossbow Prime,65,"1,829",45,Missile Boat,2870
Crusader CRD-2R,65,"1,533",37,Missile Boat,2649
Crusader CRD-3D,65,"1,338",34,Missile Boat,2756
Crusader CRD-3K,65,"1,290",34,Missile Boat,2765
Crusader CRD-3L,65,"1,297",34,Missile Boat,2753
Crusader CRD-3R,65,"1,317",32,Missile Boat,2752
Crusader CRD-3R (Crael),65,"1,204",29,Brawler,3040
Crusader CRD-4BR,65,"1,407",37,Missile Boat,3054
Crusader CRD-4D,65,"1,309",33,Missile Boat,3049
Crusader CRD-4K,65,"1,268",33,Missile Boat,3049
Crusader CRD-4L,65,"1,309",33,Missile Boat,3049
Crusader CRD-5M,65,"1,408",35,Skirmisher,3049
Crusader CRD-5S,65,"1,446",34,Missile Boat,3049
Crusader CRD-6D,65,"1,498",39,Skirmisher,3054
Crusader CRD-6T,65,"1,890",49,Skirmisher,3053
Exterminator EXT-4A,65,"1,372",35,Skirmisher,3007
Exterminator EXT-4D,65,"1,385",37,Skirmisher,2630
Exterminator EXT-4Db,65,"1,694",38,Skirmisher,2718
Exterminator EXT-5E,65,"1,532",49,Skirmisher,3060
Fire Scorpion  ,65,"1,546",36,Sniper,2852
Fire Scorpion 2,65,"1,749",40,Missile Boat,3060
Ha Otoko  ,65,"1,873",40,Missile Boat,3060
Ha Otoko HKO-1C,65,"1,288",35,Missile Boat,3061
JagerMech III JM6-D3,65,"1,537",39,Sniper,3058
JagerMech JM6-A,65,"1,122",27,Missile Boat,2778
JagerMech JM6-DD,65,965,27,Sniper,3049
JagerMech JM6-DG,65,"1,625",30,Sniper,3054
JagerMech JM6-DGr,65,"1,661",30,Sniper,3058
JagerMech JM6-S,65,901,26,Sniper,2774
Jinggau JN-G8A,65,"2,072",42,Skirmisher,3060
Koschei KSC-3L,65,"1,384",34,Missile Boat,2634
Koschei KSC-4I,65,"1,516",39,Skirmisher,2719
Koschei KSC-4L,65,"1,503",41,Missile Boat,2723
Linebacker A,65,"2,264",44,Sniper,3052
Linebacker B,65,"2,048",43,Skirmisher,3052
Linebacker C,65,"2,075",41,Skirmisher,3052
Linebacker D,65,"2,039",50,Skirmisher,3052
Linebacker E,65,"1,846",40,Skirmisher,3061
Linebacker Prime,65,"2,390",44,Skirmisher,3052
Loki (Hellbringer) A,65,"1,948",43,Striker,2926
Loki (Hellbringer) B,65,"1,592",35,Striker,2926
Loki (Hellbringer) C,65,"2,076",40,Striker,3054
Loki (Hellbringer) F,65,"1,839",39,Striker,3054
Loki (Hellbringer) H,65,"1,952",40,Sniper,3059
Loki (Hellbringer) J,65,"2,415",42,Scout,3058
Loki (Hellbringer) M,65,"2,200",42,Sniper,3052
Loki (Hellbringer) Prime,65,"2,654",45,Striker,2926
Morpheus MR-P1,65,"1,340",38,Scout,3051
Ostwar OWR-2Mb,65,"1,638",40,Brawler,2620
Rifleman IIC  ,65,"2,307",47,Sniper,2845
Rifleman IIC 2,65,"1,345",31,Sniper,2997
Tempest TMP-3G,65,"1,810",39,Brawler,3056
Tempest TMP-3M,65,"1,786",39,Brawler,3055
Tempest TMP-3MA,65,"1,425",35,Brawler,3056
Thunderbolt C 2,65,"2,170",46,Juggernaut,3054
Thunderbolt TDR-5D,65,"1,231",35,Brawler,2821
Thunderbolt TDR-5Sb,65,"1,613",41,Brawler,2753
Thunderbolt TDR-5SE,65,"1,414",35,Skirmisher,3000
Thunderbolt TDR-5SS,65,"1,337",35,Brawler,2930
Thunderbolt TDR-5S-T (Tallman),65,"1,447",37,Brawler,3025
Thunderbolt TDR-7M,65,"1,495",39,Brawler,3049
Thunderbolt TDR-8M,65,"1,644",38,Brawler,3058
Thunderbolt TDR-9S,65,"1,494",37,Brawler,3050
Thunderbolt TDR-9SE,65,"1,439",37,Skirmisher,3049
Archer (Wolf),70,"2,365",51,Missile Boat,3055
Archer ARC-2K,70,"1,356",34,Missile Boat,2856
Archer ARC-2R (Rubinsky),70,"1,411",,None,3059
Archer ARC-2Rb,70,"1,705",44,Missile Boat,2752
Archer ARC-2S,70,"1,393",36,Missile Boat,2915
Archer ARC-2W,70,"1,338",35,Missile Boat,3010
Archer ARC-4M,70,"1,705",44,Missile Boat,3049
Archer ARC-5CS,70,"1,609",44,Missile Boat,3052
Archer ARC-5R,70,"1,674",37,Missile Boat,3050
Archer ARC-5S,70,"1,353",38,Missile Boat,3050
Archer ARC-5W,70,"1,337",38,Missile Boat,3050
Avatar AV1-O,70,"1,395",37,Brawler,3056
Avatar AV1-OA,70,"1,481",34,Brawler,3056
Avatar AV1-OB,70,"1,496",39,Missile Boat,3056
Avatar AV1-OC,70,"1,406",41,Sniper,3056
Avatar AV1-OD,70,"1,475",39,Brawler,3060
Avatar AV1-OG,70,"1,775",34,Sniper,3056
Barghest BGS-1T,70,"1,787",37,Sniper,3058
Barghest BGS-2T,70,"1,794",40,Skirmisher,3060
Bowman  ,70,"2,308",52,Missile Boat,2973
Bowman 2,70,"2,567",56,Missile Boat,2974
Bowman 4,70,"1,854",50,Missile Boat,2923
Caesar CES-3R,70,"1,578",34,Brawler,3049
Cataphract CTF-1X,70,"1,316",33,Brawler,3025
Cataphract CTF-2X,70,"1,344",35,Brawler,3027
Cataphract CTF-3D,70,"1,325",31,Sniper,3050
Cataphract CTF-3L,70,"1,545",35,Sniper,3050
Cataphract CTF-4X,70,"1,216",35,Sniper,3029
Daikyu DAI-01,70,"1,603",39,Sniper,3055
Daikyu DAI-02,70,"1,831",45,Skirmisher,3060
Dragoon AEM-01,70,"1,669",36,Sniper,2771
Excalibur EXC-B1,70,"1,549",37,Skirmisher,2619
Excalibur EXC-B2,70,"1,533",37,Skirmisher,2620
Excalibur EXC-B2b,70,"1,715",42,Missile Boat,2735
Excalibur EXC-C1,70,"1,637",38,Skirmisher,3058
Gallowglas GAL-1GLS,70,"1,695",36,Brawler,3055
Gallowglas GAL-2GLS,70,"1,857",37,Brawler,3055
Gallowglas WD,70,"2,094",43,Skirmisher,3055
Grasshopper GHR-5H,70,"1,427",37,Skirmisher,2780
Grasshopper GHR-5J,70,"1,354",36,Skirmisher,3049
Grasshopper GHR-5N,70,"1,511",37,Skirmisher,3040
Grasshopper GHR-C,70,"1,366",39,Skirmisher,3052
Grizzly  ,70,"2,219",45,Skirmisher,2947
Guillotine GLT-4L,70,"1,400",35,Skirmisher,2825
Guillotine GLT-4P,70,"1,376",34,Skirmisher,2833
Guillotine GLT-5M,70,"1,472",36,Skirmisher,3049
Guillotine IIC  ,70,"2,377",41,Skirmisher,2889
Hercules HRC-LS-9000,70,"1,561",38,Skirmisher,3054
Hercules HRC-LS-9001,70,"1,566",41,Skirmisher,3056
JagerMech JM7-D,70,"1,500",38,Sniper,3057
Minsk  ,70,"2,028",50,Sniper,2862
No-Dachi NDA-1K,70,"1,708",37,Brawler,3058
No-Dachi NDA-2K,70,"1,739",43,Brawler,3059
No-Dachi NDA-2KO,70,"1,728",43,Brawler,3060
Nova Cat A,70,"2,629",43,Sniper,3059
Nova Cat B,70,"2,492",53,Missile Boat,3059
Nova Cat C,70,"1,944",42,Sniper,3059
Nova Cat D,70,"2,084",40,Brawler,3059
Nova Cat Prime,70,"2,530",44,Sniper,3059
Shootist ST-8A,70,"1,507",41,Brawler,2621
Thor (Summoner) A,70,"2,145",40,Sniper,2872
Thor (Summoner) B,70,"2,159",45,Missile Boat,2872
Thor (Summoner) C,70,"2,379",43,Skirmisher,2872
Thor (Summoner) D,70,"2,643",43,Sniper,2872
Thor (Summoner) E,70,"2,612",46,Skirmisher,3059
Thor (Summoner) F,70,"2,186",46,Skirmisher,3054
Thor (Summoner) H,70,"2,536",43,Skirmisher,3059
Thor (Summoner) M,70,"2,251",41,Sniper,3051
Thor (Summoner) Prime,70,"2,298",43,Sniper,2872
Thunder THR-1L,70,"1,471",44,Skirmisher,3055
Viper VP-1,70,"1,609",34,Brawler,2832
Viper VP-5,70,"1,539",36,Brawler,2958
Warhammer C 3,70,"2,772",49,Brawler,2862
Warhammer WHM-6D,70,"1,471",36,Brawler,2835
Warhammer WHM-6K,70,"1,305",32,Brawler,2830
Warhammer WHM-6K (Olesko),70,"1,338",40,Brawler,3023
Warhammer WHM-6L,70,"1,311",31,Brawler,2825
Warhammer WHM-6Rb,70,"1,431",38,Brawler,2599
Warhammer WHM-6Rk,70,"1,621",42,Skirmisher,2745
Warhammer WHM-7A,70,"1,679",40,Brawler,2761
Warhammer WHM-7CS,70,"1,751",37,Brawler,3052
Warhammer WHM-7K,70,"1,651",39,Brawler,3054
Warhammer WHM-7M,70,"1,487",35,Brawler,3047
Warhammer WHM-7M-DC,70,"1,402",35,Brawler,3052
Warhammer WHM-7S,70,"1,477",36,Brawler,3050
Bandersnatch BNDR-01A,75,"1,478",37,Brawler,3052
Bandersnatch BNDR-01A (Horus),75,"1,587",41,Brawler,3061
Black Knight BL-10-KNT (Ross),75,"2,103",43,Brawler,3055
Black Knight BL-6b-KNT,75,"1,627",42,Brawler,2751
Black Knight BL-6-KNT,75,"1,551",39,Brawler,2578
Black Knight BL-7-KNT,75,"1,443",34,Brawler,2809
Black Knight BL-7-KNT-L,75,"1,409",33,Brawler,2809
Black Knight BL-9-KNT,75,"1,678",37,Brawler,3052
Dragon Fire DGR-3F,75,"1,855",43,Brawler,3058
Dragon Fire DGR-4F,75,"1,900",43,Brawler,3060
Falconer FLC-8R,75,"2,231",40,Skirmisher,3053
Flashman FLS-7K,75,"1,480",36,Brawler,2796
Flashman FLS-8K,75,"1,779",41,Skirmisher,2701
Flashman FLS-9C,75,"1,779",48,Skirmisher,3061
Hammerhands HMH-3D (Kessem),75,"1,413",38,Juggernaut,2725
Helepolis HEP-3H,75,"1,380",46,Missile Boat,2625
Mad Cat (Timber Wolf) (Bounty Hunter),75,"2,829",59,Brawler,3060
Mad Cat (Timber Wolf) (Pryde),75,"2,900",51,Missile Boat,3052
Mad Cat (Timber Wolf) A,75,"2,854",59,Skirmisher,2945
Mad Cat (Timber Wolf) B,75,"2,224",48,Sniper,2945
Mad Cat (Timber Wolf) C,75,"2,500",50,Sniper,2945
Mad Cat (Timber Wolf) D,75,"2,682",51,Skirmisher,2945
Mad Cat (Timber Wolf) E,75,"2,444",53,Sniper,3059
Mad Cat (Timber Wolf) H,75,"2,627",58,Missile Boat,3059
Mad Cat (Timber Wolf) N,75,"2,862",53,Brawler,3050
Mad Cat (Timber Wolf) Prime,75,"2,737",54,Brawler,2945
Mad Cat (Timber Wolf) S,75,"2,462",54,Skirmisher,3050
Mad Cat (Timber Wolf) TC,75,"2,903",52,Skirmisher,3052
Maelstrom MTR-5K,75,"1,694",44,Skirmisher,3056
Marauder (Bounty Hunter-3015),75,"1,919",45,Juggernaut,3015
Marauder (Bounty Hunter-3044),75,"2,103",41,Sniper,3044
Marauder MAD-1R,75,"1,420",37,Sniper,2612
Marauder MAD-2R,75,"1,630",40,Sniper,2760
Marauder MAD-3D,75,"1,470",35,Brawler,2834
Marauder MAD-3L,75,"1,369",35,Brawler,2905
Marauder MAD-3M,75,"1,335",34,Brawler,2873
Marauder MAD-3R,75,"1,363",35,Sniper,2819
Marauder MAD-5CS,75,"1,648",36,Sniper,3052
Marauder MAD-5D,75,"1,787",37,Skirmisher,3047
Marauder MAD-5D-DC,75,"1,787",35,Brawler,3055
Marauder MAD-5M,75,"1,471",33,Skirmisher,3051
Marauder MAD-5S,75,"1,799",36,Sniper,3051
Marauder MAD-SD (Douglass),75,"1,459",39,Brawler,3025
Masauwu  ,75,"2,299",46,Brawler,2832
Night Gyr A,75,"2,680",45,Skirmisher,3052
Night Gyr B,75,"2,140",38,Sniper,3052
Night Gyr C,75,"2,468",42,Skirmisher,3052
Night Gyr D,75,"2,889",46,Missile Boat,3052
Night Gyr E,75,"2,717",47,Skirmisher,3061
Night Gyr Prime,75,"2,830",47,Skirmisher,3052
Onslaught SA-OS,75,"1,562",39,Skirmisher,3052
Orion IIC  ,75,"2,392",46,Sniper,2841
Orion ON1-M,75,"1,414",36,Brawler,3049
Orion ON1-MA,75,"1,501",39,Brawler,3052
Orion ON1-MB,75,"1,472",36,Brawler,3058
Orion ON1-MC,75,"1,501",40,Brawler,3058
Orion ON1-M-DC,75,"1,444",37,Brawler,3053
Orion ON1-V,75,"1,298",35,Brawler,2799
Orion ON1-VA,75,"1,328",39,Juggernaut,2901
Orion ON1-V-DC,75,"1,310",35,Brawler,2913
Penetrator PTR-4D,75,"1,687",39,Skirmisher,3053
Penetrator PTR-4F,75,"1,564",43,Missile Boat,3056
Penetrator PTR-6M,75,"1,639",39,Skirmisher,3058
Penetrator PTR-6S,75,"1,689",39,Skirmisher,3059
Perseus P1,75,"1,713",40,Brawler,3058
Perseus P1A,75,"1,661",46,Missile Boat,3058
Perseus P1B,75,"1,776",36,Brawler,3058
Perseus P1C,75,"1,644",38,Brawler,3058
Perseus P1D,75,"1,714",45,Brawler,3058
Rakshasa MDG-1A,75,"1,795",45,Skirmisher,3055
Rakshasa MDG-1B,75,"1,748",45,Skirmisher,3056
Shugenja SJA-7D,75,"1,656",45,Brawler,3061
Spirit Walker A,75,"1,990",46,Brawler,2866
Spirit Walker Prime,75,"2,115",43,Sniper,2866
Stalker STK-4P,75,"1,461",39,Juggernaut,2998
Thanatos TNS-4S,75,"1,844",46,Skirmisher,3061
Toyama TYM-1A,75,"1,714",39,Sniper,3057
Viper (Black Python)  ,75,"2,813",46,Skirmisher,3051
Viper (Black Python) 2,75,"2,520",44,Skirmisher,3052
Viper (Black Python) 5,75,"2,925",46,Skirmisher,3055
War Dog WR-DG-02FC,75,"1,814",38,Brawler,3052
Woodsman A,75,"2,741",52,Sniper,2866
Woodsman B,75,"2,414",52,Sniper,2866
Woodsman Prime,75,"2,623",54,Brawler,2866
Awesome AWS-8Q,80,"1,605",39,Sniper,2665
Awesome AWS-8R,80,"1,470",38,Missile Boat,2683
Awesome AWS-8T,80,"1,593",39,Missile Boat,2815
Awesome AWS-8V,80,"1,510",39,Sniper,2980
Awesome AWS-9M,80,"1,812",41,Brawler,3049
Awesome AWS-9Ma,80,"1,836",42,Sniper,3051
Awesome AWS-9Q,80,"1,875",45,Sniper,3057
Canis  ,80,"2,498",44,Sniper,3058
Charger CGR-1A1,80,981,18,Scout,2665
Charger CGR-1A5,80,"1,468",38,Juggernaut,3023
Charger CGR-1A9,80,"1,397",35,Skirmisher,3034
Charger CGR-1L,80,980,26,Skirmisher,3022
Charger CGR-3K,80,"1,656",45,Skirmisher,3049
Charger CGR-C,80,"1,592",44,Skirmisher,3052
"Charger CGR-SB ""Challenger""",80,"1,604",39,Juggernaut,3025
Cudgel CDG-1B,80,"1,347",35,Juggernaut,3053
Goliath GOL-1H,80,"1,449",39,Sniper,2652
Goliath GOL-3M,80,"1,537",37,Sniper,3047
Goliath GOL-3M2,80,"1,631",38,Sniper,3052
Grand Crusader GRN-D-01,80,"1,758",45,Missile Boat,3053
Grand Crusader GRN-D-02,80,"1,702",44,Missile Boat,3056
Grand Crusader GRN-D-02-B,80,"1,937",44,Sniper,3057
Hatamoto-Chi HTM-26T,80,"1,536",38,Brawler,3039
Hatamoto-Chi HTM-27T,80,"1,607",39,Brawler,3042
Hatamoto-Chi HTM-27T (Daniel II),80,"1,661",48,Juggernaut,3052
Hatamoto-Chi HTM-28T,80,"2,039",46,Sniper,3059
Hatamoto-Chi HTM-28T (Shin),80,"2,213",50,Brawler,3060
Hatamoto-Hi HTM-27U,80,"1,627",40,Brawler,3047
Hatamoto-Hi HTM-C,80,"1,627",43,Brawler,3050
Hatamoto-Hi HTM-CM,80,"1,573",46,Brawler,3050
Hatamoto-Kaze HTM-27V,80,"1,595",39,Sniper,3048
Hatamoto-Ku HTM-27W,80,"1,563",38,Sniper,3048
Hatamoto-Mizo HTM-27Y,80,"1,675",38,Sniper,3050
Man O' War (Gargoyle) (Conal),80,"2,580",50,Skirmisher,3055
Man O' War (Gargoyle) A,80,"2,689",47,Skirmisher,2945
Man O' War (Gargoyle) B,80,"1,843",41,Sniper,2945
Man O' War (Gargoyle) C,80,"2,417",46,Skirmisher,2945
Man O' War (Gargoyle) D,80,"2,499",52,Skirmisher,2945
Man O' War (Gargoyle) E,80,"2,257",56,Skirmisher,3060
Man O' War (Gargoyle) H,80,"2,183",50,Skirmisher,3059
Man O' War (Gargoyle) Prime,80,"1,537",38,Skirmisher,2945
Naga A,80,"1,988",52,Missile Boat,2869
Naga B,80,"2,021",53,Missile Boat,2869
Naga C,80,"1,805",52,Missile Boat,2869
Naga D,80,"1,860",52,Missile Boat,2869
Naga II A,80,"2,160",42,Brawler,2866
Naga II B,80,"2,347",46,Missile Boat,2866
Naga II C,80,"2,177",49,Brawler,2866
Naga II H,80,"2,284",47,Brawler,3059
Naga II Prime,80,"1,840",41,Brawler,2866
Naga Prime,80,"1,840",52,Missile Boat,2869
O-Bakemono OBK-M10,80,"1,659",51,Missile Boat,3058
Phoenix Hawk IIC  ,80,"2,057",41,Sniper,2851
Phoenix Hawk IIC 2,80,"2,892",48,Missile Boat,2852
Phoenix Hawk IIC 9,80,"2,469",48,Sniper,2853
Rifleman II RFL-3N-2,80,"1,543",41,Brawler,2773
Salamander PPR-5S,80,"1,769",46,Missile Boat,3055
Salamander PPR-5T,80,"1,589",42,Missile Boat,3056
Salamander PPR-6S,80,"1,714",47,Missile Boat,3058
Salamander PPR-6T,80,"1,681",44,Missile Boat,3060
Spartan C,80,"2,514",52,Skirmisher,2865
Spartan SPT-N1,80,"1,498",37,Skirmisher,2764
Spartan SPT-N2,80,"1,605",43,Skirmisher,2765
Spartan SPT-NF,80,"1,605",43,Skirmisher,2770
Striker STC-2C,80,"1,488",36,Brawler,2571
Striker STC-2D,80,"1,644",39,Brawler,3056
Striker STC-2S,80,"1,466",36,Brawler,2845
Thug THG-10E,80,"1,501",39,Brawler,2835
Thug THG-11E,80,"1,640",41,Brawler,2572
Thug THG-11Eb,80,"1,759",41,Brawler,2760
Victor VTR-9B (Kataga),80,"1,991",46,Brawler,2766
Victor VTR-9B (Li),80,"1,625",38,Skirmisher,3028
Victor VTR-9B (Shoji),80,"1,531",40,Skirmisher,2725
Victor VTR-9D,80,"1,717",40,Skirmisher,3049
Victor VTR-9K,80,"1,717",40,Skirmisher,3049
Victor VTR-9S,80,"1,360",36,Skirmisher,2998
Victor VTR-C,80,"1,717",43,Skirmisher,3054
Warhammer IIC  ,80,"2,570",50,Brawler,2829
Warhammer IIC 2,80,"2,482",52,Missile Boat,2920
Warhammer IIC 3,80,"2,382",49,Brawler,3060
Zeus (Leonidas),80,"1,878",42,Sniper,3056
Zeus ZEU-5S,80,"1,474",36,Sniper,2788
Zeus ZEU-5T,80,"1,729",40,Sniper,2787
Zeus ZEU-6A,80,"1,405",35,Brawler,2940
Zeus ZEU-6S,80,"1,348",35,Sniper,2898
Zeus ZEU-6T,80,"1,436",34,Sniper,3026
Zeus ZEU-9S,80,"1,639",40,Sniper,3048
Zeus ZEU-9S2,80,"1,769",43,Sniper,3051
Zeus ZEU-9S-DC,80,"1,612",40,Sniper,3049
BattleMaster BLR-1D,85,"1,522",40,Brawler,2867
BattleMaster BLR-1G,85,"1,519",40,Brawler,2633
BattleMaster BLR-1Gb,85,"1,825",44,Brawler,2760
BattleMaster BLR-1Gbc,85,"1,825",42,Brawler,2763
BattleMaster BLR-1Gc,85,"1,577",43,Brawler,2763
BattleMaster BLR-1G-DC,85,"1,494",41,Brawler,2633
BattleMaster BLR-1S,85,"1,507",42,Brawler,3025
BattleMaster BLR-2C,85,"1,563",45,Brawler,2925
BattleMaster BLR-3M,85,"1,679",42,Brawler,3049
BattleMaster BLR-3M (Rogers),85,"1,818",46,Brawler,3057
BattleMaster BLR-3M-DC,85,"1,627",43,Brawler,3053
BattleMaster BLR-3S,85,"1,441",40,Brawler,3050
Black Watch BKW-7R,85,"1,998",50,Juggernaut,3061
Blood Kite  ,85,"2,776",56,Sniper,2907
Crockett CRK-5003-0,85,"1,704",41,Juggernaut,2881
Crockett CRK-5003-1,85,"1,923",46,Sniper,2735
Crockett CRK-5003-1b,85,"2,307",51,Juggernaut,2752
Gunslinger GUN-1ERD,85,"2,286",48,Juggernaut,3053
Katana (Crockett) CRK-5003-2,85,"1,629",38,Juggernaut,3035
Katana (Crockett) CRK-5003-C,85,"1,618",42,Juggernaut,3057
Katana (Crockett) CRK-5003-CM,85,"1,554",45,Juggernaut,3057
Longbow LGB-10C,85,"1,898",48,Missile Boat,3061
Longbow LGB-12C,85,"1,686",50,Missile Boat,3061
Longbow LGB-7Q,85,"1,618",45,Missile Boat,2610
Longbow LGB-7V,85,"1,816",49,Missile Boat,3056
Longbow LGB-8C,85,"1,653",45,Missile Boat,2615
Marauder IIC  ,85,"2,680",51,Brawler,2828
Marauder IIC 8,85,"2,554",53,Brawler,3025
Marauder IIC 9,85,"2,595",50,Sniper,2831
Masakari (Warhawk) A,85,"2,399",49,Sniper,2999
Masakari (Warhawk) B,85,"2,320",52,Brawler,2999
Masakari (Warhawk) C,85,"2,998",53,Sniper,2999
Masakari (Warhawk) D,85,"2,474",53,Sniper,3059
Masakari (Warhawk) F,85,"2,775",55,Sniper,3054
Masakari (Warhawk) H,85,"2,601",53,Brawler,3059
Masakari (Warhawk) I,85,"3,026",54,Sniper,3050
Masakari (Warhawk) Prime,85,"3,194",52,Sniper,2999
Rampage RMP-2G,85,"1,444",40,Juggernaut,2735
Rampage RMP-4G,85,"2,130",47,Sniper,2750
Rampage RMP-4G (Benboudaoud),85,"1,751",44,Brawler,2766
Rampage RMP-5G,85,"1,933",53,Skirmisher,2767
Sasquatch SQS-TH-001,85,"1,940",45,Skirmisher,3054
Savage Coyote A,85,"2,852",52,Juggernaut,3059
Savage Coyote B,85,"2,284",51,Juggernaut,3059
Savage Coyote Prime,85,"2,613",55,Juggernaut,3059
Shogun C,85,"3,032",58,Missile Boat,2850
Shogun SHG-2E,85,"1,823",43,Missile Boat,3005
Shogun SHG-2F,85,"1,804",41,Missile Boat,3029
Shogun SHG-2H,85,"2,087",52,Missile Boat,2777
Stalker STK-3F,85,"1,559",42,Juggernaut,2594
Stalker STK-3F (Jagawen),85,"1,570",39,Juggernaut,3028
Stalker STK-3F (Jamison),85,"2,707",57,Missile Boat,3054
Stalker STK-3Fb,85,"2,029",51,Juggernaut,2705
Stalker STK-3H,85,"1,624",42,Missile Boat,2638
Stalker STK-4N,85,"1,558",41,Juggernaut,2876
Stalker STK-5M,85,"1,655",49,Juggernaut,3050
Stalker STK-5S,85,"1,423",38,Juggernaut,3050
Tai-sho TSH-7S,85,"1,774",52,Sniper,3061
Thunder Stallion  ,85,"2,306",53,Missile Boat,2850
"Thunder Stallion 2 ""Fire Stallion""",85,"2,575",55,Missile Boat,2877
Wakazashi  ,85,"2,909",51,Juggernaut,2830
Akuma AKU-1X,90,"1,959",49,Juggernaut,3058
Cyclops CP-10-Q,90,"1,584",44,Missile Boat,2801
Cyclops CP-10-Z,90,"1,317",34,Juggernaut,2710
Cyclops CP-11-A,90,"1,547",38,Sniper,3045
Cyclops CP-11-A-DC,90,"1,507",37,Sniper,3045
Cyclops CP-11-C,90,"1,553",45,Brawler,3050
Cyclops CP-11-G,90,"1,981",47,Sniper,3058
Cyclops CP-12-K,90,"1,699",43,Brawler,3059
Daboku DCMS-MX90-D,90,"1,290",32,Sniper,3038
Emperor EMP-6A,90,"1,969",42,Juggernaut,2612
Highlander HGN-732,90,"2,227",47,Sniper,2592
Highlander HGN-732b,90,"2,335",53,Sniper,2598
Highlander HGN-733,90,"1,801",44,Juggernaut,2866
Highlander HGN-733C,90,"1,857",44,Juggernaut,2866
Highlander HGN-733P,90,"1,865",46,Sniper,2866
Highlander HGN-736,90,"2,255",54,Sniper,3060
Highlander IIC  ,90,"2,979",58,Missile Boat,2858
Juggernaut JG-R9T1,90,"1,719",43,Juggernaut,3053
Kingfisher A,90,"2,261",49,Brawler,2887
Kingfisher B,90,"2,472",49,Brawler,2887
Kingfisher C,90,"2,644",52,Brawler,2887
Kingfisher D,90,"2,364",48,Sniper,2887
Kingfisher H,90,"2,525",52,Brawler,3061
Kingfisher Prime,90,"2,401",54,Brawler,2887
Mauler MAL-1PT5,90,"1,400",40,Sniper,3022
Mauler MAL-1PT6,90,"1,270",47,Sniper,3022
Mauler MAL-1R,90,"1,460",37,Sniper,3048
Mauler MAL-1X-AFFC,90,"1,286",33,Juggernaut,3040
Mauler MAL-1Y,90,"1,448",40,Sniper,3048
Mauler MAL-2R,90,"1,586",42,Juggernaut,3060
Mauler MAL-C,90,"1,473",40,Sniper,3051
Pulverizer  ,90,"2,506",54,Sniper,2845
Star Adder (Blood Asp) A,90,"3,452",54,Brawler,3060
Star Adder (Blood Asp) B,90,"2,885",62,Missile Boat,3060
Star Adder (Blood Asp) C,90,"2,270",51,Brawler,3060
Star Adder (Blood Asp) D,90,"2,396",50,Brawler,3060
Star Adder (Blood Asp) Prime,90,"2,654",57,Brawler,3060
Sunder SD1-O,90,"1,747",46,Brawler,3056
Sunder SD1-OA,90,"2,003",47,Sniper,3056
Sunder SD1-OB,90,"1,597",54,Brawler,3056
Sunder SD1-OC,90,"1,735",52,Brawler,3058
Supernova  ,90,"2,801",50,Sniper,2846
Viking VKG-2F,90,"2,079",54,Missile Boat,3059
Viking VKG-2G,90,"2,152",52,Juggernaut,3060
Ymir BWP-3A,90,"1,491",38,Brawler,2733
Yu Huang Y-H10G,90,"2,433",49,Skirmisher,3060
Yu Huang Y-H9G,90,"2,074",44,Skirmisher,3060
Albatross ALB-3U,95,"1,668",41,Brawler,3053
Banshee BNC-3M,95,"1,595",39,Brawler,2579
Banshee BNC-3MC,95,"1,487",37,Brawler,3037
Banshee BNC-3Q,95,"1,394",37,Juggernaut,2915
Banshee BNC-3S,95,"1,751",45,Juggernaut,3026
Banshee BNC-3S (Reinesblatt),95,"1,678",45,Juggernaut,3029
Banshee BNC-5S,95,"2,065",42,Sniper,3053
Banshee BNC-5S (Sawyer),95,"2,094",42,Sniper,3057
Cerberus MR-5M,95,"2,057",46,Brawler,3055
Cerberus MR-V2,95,"2,001",45,Brawler,3054
Gladiator (Executioner) A,95,"3,112",57,Skirmisher,3001
Gladiator (Executioner) B,95,"2,940",54,Skirmisher,3001
Gladiator (Executioner) C,95,"2,740",54,Missile Boat,3001
Gladiator (Executioner) D,95,"2,698",62,Skirmisher,3001
Gladiator (Executioner) E,95,"2,988",58,Skirmisher,3060
Gladiator (Executioner) H,95,"3,059",53,Skirmisher,3059
Gladiator (Executioner) Prime,95,"2,749",51,Sniper,3001
Gladiator (Executioner) TC,95,"3,363",63,Skirmisher,3052
Gladiator-B (Executioner-B) A,95,"2,194",52,Juggernaut,2873
Gladiator-B (Executioner-B) B,95,"3,157",58,Sniper,2873
Gladiator-B (Executioner-B) C,95,"2,979",52,Sniper,2873
Gladiator-B (Executioner-B) Prime,95,"2,721",50,Juggernaut,2873
Hauptmann HA1-O,95,"2,157",54,Juggernaut,3060
Hauptmann HA1-OA,95,"2,311",54,Juggernaut,3060
Hauptmann HA1-OB,95,"2,208",50,Juggernaut,3060
Hauptmann HA1-OC,95,"2,322",57,Missile Boat,3061
Naginata NG-C3A,95,"1,954",58,Missile Boat,3055
Nightstar NSR-9FC,95,"1,929",45,Juggernaut,3057
Nightstar NSR-9J,95,"2,399",51,Juggernaut,2767
Sirocco SRC-3C,95,"2,154",52,Juggernaut,3060
Sirocco SRC-5C,95,"2,107",53,Juggernaut,3060
Turkina A,95,"2,906",56,Missile Boat,3052
Turkina B,95,"3,420",58,Juggernaut,3052
Turkina C,95,"2,798",54,Juggernaut,3052
Turkina D,95,"3,132",64,Juggernaut,3061
Turkina M,95,"2,495",49,Sniper,3058
Turkina Prime,95,"2,944",56,Sniper,3052
Annihilator ANH-1A,100,"1,434",31,Juggernaut,3005
Annihilator ANH-1E,100,"1,625",45,Juggernaut,3028
Annihilator ANH-1G,100,"2,274",54,Juggernaut,2823
Annihilator ANH-1X,100,"1,926",48,Juggernaut,2779
Annihilator ANH-2A,100,"1,595",41,Juggernaut,3048
Annihilator C,100,"2,520",57,Sniper,2848
"Annihilator C ""Gausszilla""",100,"2,455",56,Juggernaut,2844
Annihilator C 2,100,"2,722",60,Sniper,2850
Atlas AS7-A,100,"1,787",52,Juggernaut,2954
Atlas AS7-C,100,"2,163",51,Sniper,3050
Atlas AS7-CM,100,"2,036",54,Sniper,3050
Atlas AS7-D,100,"1,897",52,Juggernaut,2755
Atlas AS7-D (Danielle),100,"1,976",53,Juggernaut,3028
Atlas AS7-D-DC,100,"1,858",52,Juggernaut,2776
Atlas AS7-K,100,"2,175",45,Sniper,3049
Atlas AS7-K-DC,100,"2,158",46,Sniper,3050
Atlas AS7-RS,100,"1,849",48,Juggernaut,2892
Atlas AS7-S,100,"1,929",52,Juggernaut,3050
Atlas AS7-S2,100,"2,378",51,Sniper,3061
Atlas AS7-WGS (Samsonov),100,"1,884",48,Juggernaut,3025
Atlas C 2,100,"2,736",57,Juggernaut,2840
Atlas C 3,100,"2,606",62,Sniper,2842
Atlas II AS7-D-H,100,"2,169",52,Juggernaut,2765
Atlas II AS7-D-H (Kerensky),100,"2,777",67,Juggernaut,2833
Atlas II AS7-D-H2,100,"2,340",55,Juggernaut,2780
Atlas II AS7-D-HT,100,"2,205",51,Juggernaut,2780
Behemoth (Stone Rhino)  ,100,"3,001",56,Sniper,2847
Behemoth (Stone Rhino) 2,100,"3,107",52,Juggernaut,3061
Behemoth (Stone Rhino) 4,100,"2,601",45,Juggernaut,2846
Behemoth (Stone Rhino) 5,100,"2,157",46,Juggernaut,2846
Behemoth (Stone Rhino) 6,100,"2,981",58,Brawler,2999
Behemoth (Stone Rhino) 7,100,"2,916",57,Sniper,3001
Behemoth BHN-6H,100,"1,703",45,Juggernaut,3004
Berserker BRZ-A3,100,"2,117",49,Juggernaut,3056
Berserker BRZ-B3,100,"2,020",51,Brawler,3056
"Daishi (Dire Wolf) ""Prometheus""",100,"2,900",55,Juggernaut,3051
"Daishi (Dire Wolf) ""Widowmaker""",100,"3,041",59,Juggernaut,3050
Daishi (Dire Wolf) (Hohiro),100,"3,048",61,Sniper,3051
Daishi (Dire Wolf) A,100,"2,855",59,Juggernaut,3010
Daishi (Dire Wolf) B,100,"2,609",51,Sniper,3010
Daishi (Dire Wolf) C,100,"3,610",64,Juggernaut,3054
Daishi (Dire Wolf) H,100,"2,992",56,Juggernaut,3059
Daishi (Dire Wolf) Prime,100,"2,712",56,Juggernaut,3010
Daishi (Dire Wolf) S,100,"2,985",58,Juggernaut,3050
Daishi (Dire Wolf) W,100,"2,951",59,Juggernaut,3049
Daishi (Dire Wolf) X,100,"2,645",57,Juggernaut,3060
Devastator DVS-1D,100,"1,858",45,Juggernaut,3036
Devastator DVS-2,100,"2,481",54,Juggernaut,3048
Devastator DVS-3,100,"2,452",48,Sniper,3058
Grand Titan T-IT-N10M,100,"1,817",48,Brawler,3054
Grand Titan T-IT-N11M,100,"2,053",53,Brawler,3058
Imp C,100,"3,070",65,Juggernaut,2863
Imp IMP-1A,100,"2,215",55,Juggernaut,2793
Imp IMP-1B,100,"2,349",57,Juggernaut,2821
Imp IMP-1C,100,"2,480",56,Juggernaut,2825
Imp IMP-2E,100,"1,969",53,Juggernaut,3005
Imp IMP-3E,100,"1,906",47,Juggernaut,3050
Imp IMP-4E,100,"2,263",56,Juggernaut,3060
Iron Cheetah A,100,"2,708",59,Juggernaut,3054
Iron Cheetah B,100,"3,303",57,Juggernaut,3054
Iron Cheetah C,100,"2,915",57,Brawler,3054
Iron Cheetah D,100,"2,871",54,Brawler,3054
Iron Cheetah Prime,100,"3,155",58,Sniper,3054
King Crab KGC-000,100,"1,906",46,Juggernaut,2743
King Crab KGC-0000,100,"1,810",44,Juggernaut,2815
King Crab KGC-000b,100,"2,039",54,Juggernaut,2743
King Crab KGC-001,100,"2,221",48,Juggernaut,3052
King Crab KGC-010,100,"2,181",49,Sniper,2743
Kodiak  ,100,"2,927",53,Brawler,3001
Kodiak 5,100,"3,067",56,Brawler,3052
Kraken (Bane)  ,100,"1,950",42,Sniper,2827
Kraken (Bane) 2,100,"2,502",55,Sniper,3053
Kraken (Bane) 3,100,"2,941",69,Missile Boat,3054
Mackie MSK-8B,100,"2,019",49,Juggernaut,2576
Mackie MSK-9H,100,"2,022",51,Juggernaut,2576
Marauder II MAD-4A,100,"2,073",47,Juggernaut,3012
Marauder II MAD-5A,100,"2,058",43,Sniper,3049
Marauder II MAD-5B,100,"2,589",51,Sniper,3050
Marauder II MAD-5C,100,"2,024",45,Sniper,3052
Pillager PLG-1N,100,"1,812",48,Juggernaut,2575
Pillager PLG-3Z,100,"2,697",51,Juggernaut,2594
Storm Giant  ,100,"2,676",57,Missile Boat,2862
Storm Giant 2,100,"2,891",55,Missile Boat,2862
Thunder Hawk TDK-7KMA,100,"2,449",59,Missile Boat,3059
Thunder Hawk TDK-7X,100,"2,577",51,Sniper,2771
Thunder Hawk TDK-7Y,100,"2,489",52,Sniper,3058
Titan TI-1A,100,"1,959",50,Juggernaut,2765
Xanthos XNT-3O,100,"1,948",53,Juggernaut,2579
